{
	"partials": {

		"disqus": {
			"noscript1": "Please enable JavaScript to view the",
			"noscript2": "comments powered by Disqus."
		},

		"menu": {
			"menu": "Menu"
		},

		"pagination": {
			"prev": "Previous",
			"next": "Next"
		},

		"shareButtons": {
			"shareWithFacebook": "Share with Facebook",
			"shareWithTwitter": "Share with Twitter",
			"shareWithPinterest": "Share with Pinterest",
			"shareWithMix": "Share with Mix",
			"shareWithLinkedIn": "Share with LinkedIn",
			"shareWithBuffer": "Share with Buffer",
			"shareWithWhatsApp": "Share with Whats App"
		}
	},
	
	"post": {
		"publishedBy": "By",
		"publishedOn": "Published on",
		"lastUpdatedDate": "This article was updated on",
		"previousPost": "Previous Post",
		"nextPost": "Next Post",
		"relatedPosts": "Related posts",
		"comments": "Comments"
	},

	"tags": {
		"tagsPageTitle": "Tags",
		"description": "Collection of all tags",
		"post": {
			"1": "Post",
			"default": "Posts"
	  }
  },

  "author": {
		"visitWebsite": "Visit website"
  },

	"error": {
		"404": "404",
		"message": "The page you were looking for appears to have been moved, deleted or does not exist. You could go back to where you were or head straight to our home page."
	},

	"search": {
		"placeholder": "search...",
		"search": "Search",
		"searchInput": "Search input",
		"submit": "Search"
	}
}